Timestamp,Name (optional),Role,Territory,Primary segment,Business Review / QBR Preparation & Follow-up — How often do you do this?,Business Review / QBR Preparation & Follow-up — Average time per occurrence,Business Review / QBR Preparation & Follow-up — How much of this work is avoidable or automatable?,Business Review / QBR Preparation & Follow-up — Specific pain points (optional),FinOps / FinCrime — How often do you do this?,FinOps / FinCrime — Average time per occurrence,FinOps / FinCrime — How much of this work is avoidable or automatable?,FinOps / FinCrime — Specific pain points (optional),Support Tickets & Escalations — How often do you do this?,Support Tickets & Escalations — Average time per occurrence,Support Tickets & Escalations — How much of this work is avoidable or automatable?,Support Tickets & Escalations — Specific pain points (optional),Customer Comms for Incidents / Issues — How often do you do this?,Customer Comms for Incidents / Issues — Average time per occurrence,Customer Comms for Incidents / Issues — How much of this work is avoidable or automatable?,Customer Comms for Incidents / Issues — Specific pain points (optional),Change of Ownership / Bank Changes — How often do you do this?,Change of Ownership / Bank Changes — Average time per occurrence,Change of Ownership / Bank Changes — How much of this work is avoidable or automatable?,Change of Ownership / Bank Changes — Specific pain points (optional),Onboarding / Go-Live Support — How often do you do this?,Onboarding / Go-Live Support — Average time per occurrence,Onboarding / Go-Live Support — How much of this work is avoidable or automatable?,Onboarding / Go-Live Support — Specific pain points (optional),Ad Hoc Lists & Projects — How often do you do this?,Ad Hoc Lists & Projects — Average time per occurrence,Ad Hoc Lists & Projects — How much of this work is avoidable or automatable?,Ad Hoc Lists & Projects — Specific pain points (optional),Internal Reporting & Data Requests — How often do you do this?,Internal Reporting & Data Requests — Average time per occurrence,Internal Reporting & Data Requests — How much of this work is avoidable or automatable?,Internal Reporting & Data Requests — Specific pain points (optional),Tooling & System Admin — How often do you do this?,Tooling & System Admin — Average time per occurrence,Tooling & System Admin — How much of this work is avoidable or automatable?,Tooling & System Admin — Specific pain points (optional),Internal Meetings & Alignment — How often do you do this?,Internal Meetings & Alignment — Average time per occurrence,Internal Meetings & Alignment — How much of this work is avoidable or automatable?,Internal Meetings & Alignment — Specific pain points (optional),Contract & Legal Admin — How often do you do this?,Contract & Legal Admin — Average time per occurrence,Contract & Legal Admin — How much of this work is avoidable or automatable?,Contract & Legal Admin — Specific pain points (optional),Anything else you'd like to share about admin burden?,Region
4/8/2026 10:17:21,,CXM,Germany,SMB,Few times/quarter,2h,Mostly necessary,,Daily,20min,Fully necessary,"Invoices are not clear to Customers, System charges Customer even though it shouldn't example: Terminals ",Weekly,20 min,Mostly necessary,If the Ticktes are not answered we front line to Customers get the blame for not helping,Daily,45min,Mostly necessary,After ONB no help,Few times/quarter,20min,Mostly avoidable,,Several times/week,45min,Mostly necessary,Customers escalating as there is no help from ONB and Support ,Daily,2hr,Mostly necessary,to much Manual work,Bi-weekly,45min,Fully necessary,,Daily,2h,Mostly necessary,,Daily,2h,Mostly necessary,,Daily,1h30min,Fully necessary,"add ons lead to fully cancel the Contract instead of just adding it, the Actual Contract should not be touched, ",,
4/8/2026 10:33:22,Fabio Keller,CSM,"Germany, Austria, Switzerland",Mid-Market,Few times/quarter,2h,Mostly necessary,"Being able to retrieve the data necessary to prepare the QBRs is lenghtly. It is not just that we have different reports available, but that depending on the report, the data doesn't match, so it also takes time to filter through what we actually want to show and what we feel comfortable explaining to the customer. ",Several times/week,30min,Fully necessary,"Depending on the case, it takes time to analyze the request and understand it and ideally explain it to the customer. But, when this isn't the case you then have to create the ticket, wait for the answer, sometimes follow-up, which then extends the handling time by a lot. ",Weekly,5min,Fully necessary,"When a ticket needs to be escalated, it is necessary. However, we already have a template in place, which makes the escalation process rather short. However, if the tickets aren't handled then (happens rarely, but it does happen), the follow-up needed takes longer, as we need to check the first escalation, check the tickets and then prepare the second escalation again.",Few times/quarter,30min,Partially avoidable,This is something which I usually do not do. I let support handle this. Maximum I do is escalate the ticket. ,Few times/quarter,20min,Partially avoidable,I make sure to collect the information required and then I fill out the Jira ticket for this request,Few times/quarter,2h,Fully necessary,"This is a tough one, as it is really depending on the case and customer. If support after onboarding is needed, it can take a lot of time. Not necessarily that we are acting upon the cases, but to have the overview and make sure we have the overall picture on where we stand. This can go on over weeks and therefore we need to invest a lot of time. ",Weekly,3h,Fully necessary,"Usually for request from other teams aren't automated. Even going through lists is sometimes really hard, as the data is not in a user-friendly way. Meaning a lot of filtering and checking one-by-one cases, which is time consuming. ",Bi-weekly,1h,Mostly necessary,,Daily,10min,Fully necessary,"After having a meeting with a customer, we have to change the meeting and update it accordingly in Gainsight, for example. Archiving emails with customers, so it is on the right account, creating fin.ops tickets, TAM requests - I created a list for myself, so I can track these in an easier way, but this again is another manual step",Several times/week,45 min,Fully necessary,"Team meetings, fireboard meetings, DACH meetings, roundtable meetings",Few times/quarter,1h,Mostly necessary,,"I believe one important point, which in general eats up a lot of time, in almost every task is the research part - getting to the right information, the right process description, understanding to whom it relates to - when I have more complex cases at hand (for example a legal entity change, insolvency cases, a mews-to-mews re-onboarding), it isn't clear what I have to do. Even with Glean there is a lot of information there, where I am not sure if it relates to what I have to do or what someone else will be doing. 
I believe a general clean-up of the processes is also needed, which would reduce the time we invest in. these tasks (added to more automation)",
4/8/2026 10:33:54,,CXM,"Germany, Austria, Switzerland",SMB,Few times/quarter,3hr,Partially avoidable,"Looking for the right reports, pulling the right data, verifying the data, putting together a presentation, finding specific information requested by the customer, putting together a good follow up email in the respective language",Daily,30min,Mostly avoidable,"checking contract + Nue, checking invoices, making calculations, terminations not being processed, lots of exceptional cases where we need to double check and ask for guidance, creating finops ticket for terminating terminals, mostly things just not working the way they should",Several times/week,30min,Mostly avoidable,every ticket needs to be checked and escalated manually with lots of input needed; then it needs to be checked again if it was actioned or not so lots of follow up needed,Weekly,2h,Fully automatable,"often the templates need to be checked/corrected, we need to get into the technical details, we need to look up the correct POC and send emails one by one, we need to explain and justify everything in front of the customer",Bi-weekly,30min,Mostly avoidable,,Daily,1hr,Fully automatable,"often we need to recontract because of wrong billing cycles or errors in the contract, for escalations we need to get into cases with customers we never talked to before which means we need to involve sales, OB and other people to get a good picture, we then need to deescalate and assuage our customers who we never talked to before and were not involved in any of the stages before",Weekly,30min,Fully automatable,,Weekly,30min,Fully automatable,,Daily,1hr,Fully automatable,"Information sit in various tools in different places leading to lots of time spend looking for the right information; even though meeting notes are being logged automatically, we still need to change these or add information manually",Daily,1hr,Partially avoidable,,Several times/week,1hr,Mostly avoidable,,,
4/9/2026 11:32:27,Patrick Schwertfeger,CXM,"Germany, Austria, Switzerland",SMB,Few times/quarter,2h 30 min,Partially avoidable,"Slide preparation, data analysis and interpretation, screenshots, follow-up work after meeting",Daily,1h,Mostly avoidable,"Cross-checking information, back and forth communication via different tickets, processes and departments, so self-service available for customers, ticket creation and escalation.",Weekly,1h,Mostly necessary,"All good. Process is straightforward and most of it necessary, as we need to review, interpret and communicate details, reasons, expectations, etc. You can add +1h for escalations that are churn risks, as this needs to be flagged in GS, and Fireboard.",Bi-weekly,3h,Fully automatable,"Comms that need to go from CXM to customers are fully automatable, if this is done in bulk via a different team.",Bi-weekly,1h,Partially avoidable,Part of it is already self-service. This could be further automated internally.,Daily,2h,Mostly avoidable,"Avoidable if we work on the part that comes before this, to avoid it instead of automate it. Most of this stems from wrong information / expectation towards the customers, bad ICP fit (mostly in case of HS3 customers), insufficient explanation to customers regarding subscription / billing start dates, billing in general, Mews Payments commission etc. ",Weekly,2h,Mostly avoidable,"Too much burden on individual CXMs, instead of solving this in a more automated way and as an FYI instead of a manual task for CXMs (i.e. reviewing lists, giving approval, reaching out, communicating between teams and customers)",Monthly,1h,Mostly avoidable,Usually comes on short-notice with little explanation. Data needs to be reviewed / interpreted manually. Can be avoided by using different teams who can help with this (e.g. data team).,Daily,1h,Partially avoidable,"I don't understand this one - if it's about the Average time per occurrence for navigating between tools / context switching, or if its for the actual tasks related to this. Much can or should be able to be automated, if those tools speak with each other and pull information automatically. ",Daily,1h,Partially avoidable,"Some of the meetings can be loom videos. Currently I have around 10 recurring weekly meetings that take up much of my time. Very often we add even more meetings ad-hoc about syncs, alignment, stand-ups for anything we change or roll out etc.",Bi-weekly,1h,Mostly necessary,Not sure if this is related to upsells / cross-sells. That's the only thing that doesn't count as recontracting. ,"The survey asks for ""Average time per occurrence"", which can be e.g. 1h for a task. And it asks how regularly this happens. It doesn't ask for how many of those tasks of a specific type we have to work on. For example if I have to work on billing / invoicing admin tasks weekly, but per week it's 20 of those tasks. I think it doesn't capture the volume of tasks to really reflect where we currently see the biggest burden / pain points. ",
4/9/2026 18:01:04,George,Senior CSM,"Germany, Austria, Switzerland",Mid-Market,Bi-weekly,4h,Fully automatable,"The data we use today is spread across multiple tools (Power BI, Looker, Secoda), so collecting data points, benchmarks, and research manually takes a lot of time. That’s why Secoda is such a game changer. I recently prepared an entire business review using only Secoda, and it was incredibly easy while also enabling much richer conversations. I’m very happy to share that example if you’re interested in seeing how I used it. (Prep ""2h"", Execution ""1h"", Follow-Up ""2h"")",Several times/week,15min,Fully automatable,"There’s been a huge improvement compared to a few months ago when CSMs still had to open tickets for invoices – kudos for that! I think the overall process has become much better. That said, I’m sure our support team is now feeling more of the pain around ticketing, Q2C, and related workflows. Personally, I find the Mailbird setup and the triangle-style communication extremely inefficient and frustrating, and I’d strongly consider creating a dedicated invoice@ department instead.",Daily,5min,Partially avoidable,"The current SLAs from the support team make this challenging, as customers frequently reach out to escalate tickets when they don’t receive responses for a long time. That said, the overall process is good—Slack is efficient, and people tend to pick things up quickly.",Monthly,2h,Partially avoidable,"We could implement a tool directly in our inboxes that already includes the pre-defined communications. Right now, we have to write our own messages, copy-paste numbers and links, and duplicate everything manually, which is very admin-heavy.",Few times/quarter,30min,Mostly necessary,"Luckily we have Jessica helpin us, so I am only am involved occasionally",Few times/quarter,1h,Partially avoidable,"That is a task of the onboarding team, not CSMs.",Several times/week,1h,Partially avoidable,Many of these requests could be automated if the requester either contacted the right person directly or used pre-populated fields. Or by having good data hygiene to be less dependent of CSM input.,Few times/quarter,30min,Fully automatable,"hard to tell, depends on the case. From ""5min"" to ""2h""",Daily,3h,Fully automatable,"By simplifying and streamlining our processes. A good example is in my opinion the contracting process, it is so complex designed - do we even need this level of detail and complexity? Right now, I’m spending a lot of time on admin work, fixing issues, and chasing follow-ups.",Daily,45 min,Mostly avoidable,"The internal meeting load is far too high, which takes away time we should be spending on client work. Many of these meetings also require preparation and follow-up, which adds even more distraction.",Monthly,45 min,Mostly necessary,"The follow-up and escalation process is painful. Once we actually receive help, things move efficiently, but getting to that point is the biggest pain.","Because we’re involved in so many different topics and have countless tiny, hyper-complex processes, we end up spending way too much time on admin every day. For me, it’s sometimes really up to 60% of my day, and that just can’t be the standard.

What I’d love to see is a real simplification and streamlining of our processes. For example, more self-service or marketplace-style functionality, where customers can make smaller adjustments themselves once they’ve signed a general framework agreement (like a GMA) with Mews. Of course, some processes can’t be fully changed due to compliance or legal reasons. But we shouldn’t have to manually touch and relearn every single detail every time – that’s just unnecessarily heavy and inefficient.",
4/10/2026 9:30:55,Laurence Orru,CSM,"Germany, Switzerland",Mid-Market,Few times/quarter,5h,Partially avoidable,"Retrieve the relevant KPI for the client, it's very painful and also prepare the slides for the QBR.",Several times/week,30min,Mostly avoidable,,Several times/week,15min,Fully automatable,"We need to summarize the ticket and justify the escalation and post it to a dedicated slack channel, we should be able to automate the escalation - it takes too much time.",Daily,30min,Partially avoidable,"The current way is not ideal: clients reached out that they have an issue, we redirect them to support / chabot / they don't have an answer or it takes days or weeks to get help => we escalate the issue to slack channel if it's urgent otherwise our escalation gets rejected. Clients are really frustrated with how support works. ",Monthly,30min,Fully automatable,We need to redirect to the client and explain - it's more painful for the clients who already complained to me regarding this process.,Few times/quarter,,Mostly necessary,,Daily,1h,Partially avoidable,We could have AI prepare slide decks + extract relevant Data,Weekly,1h30min,Mostly avoidable,We should be able to have this automated,Several times/week,2h,Fully automatable,Contracting should be automated - NUE is a waste of our time,Several times/week,1h,Mostly necessary,We use Gong which helps us a lot - nothing to complain here.,Several times/week,3h,Fully automatable,"Back to my previous point regarding NUE, we should be able to have the contract automatically created from the info we provide (discount) or if a client has a change of room number, it should automatically impact the contract without recontracting - same with the change of Mews Pay commission, we should not have to recontract (clients complained to us that it's also painful for them)",,
4/13/2026 15:37:09,,CXM,Germany,SMB,Few times/quarter,1.75h,Partially avoidable,Retrieving and preparing the necessary data; prepare follow up ,Daily,30min,Fully automatable,"Checking invoices, contracts and all data related to the specific qq - creating the ticket, explaining the issue, going back and forth with the resp. department, follow up etc. ",Several times/week,1h,Mostly avoidable,"understanding the issue/ticket, gather all info first, explaining internally, find the right POC/Channel to report this, create a ticket for the resp. department, follow up ",Monthly,2h,Fully automatable,,Monthly,15 min,Partially avoidable,,Daily,2.5h,Mostly avoidable,,Several times/week,1.75h,Fully automatable,,Monthly,1.5h,Mostly avoidable,,Daily,5 hrs,Fully automatable,"looging of same case/topic in several different systems/channels e.g. escalation or churn in SF, Gainsight, Slack and Jira. No link or automation between these systems",Several times/week,1hrs,Partially avoidable,,Daily,3hrs,Mostly avoidable,,,
4/22/2026 16:29:32,,CSM,UKIE,SMB,Few times/quarter,2.5 hrs,Fully automatable,"Preparing any kind of QBR deck is the most painful part, recording a in person meeting to automate notes is a option but the making of the deck prior takes the most time. ",Daily,20 min,Mostly necessary,"We are the go between customer and finance, now support are taking this on it will help us. Contracts signed but not activated in nue meaning billing on old terms is a key blocker. ",Several times/week,30 mins,Mostly avoidable,Support backlog is the biggest driver here. ,Monthly,1 hr,Fully automatable,Should be able to automate this via hubspot / gainsight but the man power behind this does not exists so the manual work always leans on us,Monthly,45 mins,Fully automatable,Most picked up by coordinators now but would love this to be more seamless here. ,Weekly,45 mins,Mostly avoidable,Clearer check ins needed before go live support ends especially on proof of concepets and expansions ,Bi-weekly,40 mins,Fully automatable,"Sam has created a Glean agent for betas information here: https://app.glean.com/chat/agents/e7e7e0ca3ea44424bdf7d17e7c444831   As a CS team we need more prior warning to things going out to customers, looped into comms. ",Monthly,1 hr,Mostly necessary,Elaine has made this easier (portfolio planning) we now need this to help us automate territory plans as well as cross functional plans.,Monthly,30 mins,Fully automatable,"Used to be daily but with new automation it is now a lot less, used to be daily 20 mins. ",Weekly,1 hr,Partially avoidable,"More looms to watch at digestible times, more human connection between team members sharing problems ideas etc. ",Monthly,40 mins,Mostly necessary,"would love to link other tickets to legal tickets for evidence, like Q2C tickets to support. legal tickets feel like we are starting from beginning again. ","Please bring in one inbox project to really show how much work the CS team are doing daily / what comes into us, volume, topics etc. ",
4/22/2026 18:15:30,Carl,CSM,NEU,Mid-Market,Monthly,1-2h,Partially avoidable,Fetching data from looker/powerbi for the presentation deck,Several times/week,15 minutes,Partially avoidable,,Several times/week,10 minutes,Partially avoidable,There's a tendency to get stuck in the middle between customer and support. Sometimes multiple escalations are necessary for the case to be solved.,Weekly,10 min,Mostly necessary,,Few times/quarter,5 min,Mostly avoidable,"If it's a bank change form the process is very smooth due to the form. However, an entity change is more more complex due to the need for an assignment agreement. ",Few times/quarter,20,Partially avoidable,,Bi-weekly,1h,Mostly avoidable,Usually there is a list of customers to be contacted via an excel sheet which we end up sending manual emails to. Can definitely be improved and should really be sent via Gainsight automatically.,Few times/quarter,30 min,Fully automatable,This very rarely happens. Usually all the data is available via PowerBI or Looker.,Several times/week,1h,Mostly avoidable,"The data quality can be quite a poor at times. This usually stems from the sales process and falls to the CS team to remedy. Since we use a fair amount of tools, there is a lot of different data to log and keep up to date with.",Several times/week,1h,Mostly necessary,,Weekly,30 min,Partially avoidable,"Depending on the customer and complexity of the contract, the time spent varies. Ideally we would have a self serve approach where the customer are able to upgrade their package themselves and self serve modules such as EMS & POS.",,
4/23/2026 9:43:50,Victor Fremiot,Senior CSM,France,Mid-Market,Monthly,Data collection: 20min (created a DIY system) / Slide deck creation: 30 min / FUP: depends on the topics of the conversation. I'd say between 30 and 2h if multiple teams are involved.,Partially avoidable,The slide deck creation is too manual. Gamma.app could help automate it. ,Weekly,It honestly depends on the complexity of the task/issue but a minimum of 30min. ,Mostly avoidable,"I believe that for FinOPS-induced errors, the team should be responsible for handling the issue directly with the clients, instead of us. CSMs should be Informed / Consulted while FinOPS should be Responsible + Accountable (RACI)",Weekly,The slack channel where we need to copy-paste the issue + link to SF + reason for escalation can be improved. It should live inside of our ticketing system (SF) and where an escalation macro/process would be available which would then trigger a task for support. Similar to what we do with DD for quote creation.,Fully automatable,The copy-pasting process involves a lot of unnecessary clicking around. ,Few times/quarter,I haven't had the issue so far. ,Partially avoidable,Not applicable,Few times/quarter,"I've had to deal with this issue once and since I was new to it, the time is likely overinflated. Around 1 hour.",Partially avoidable,Not enough experience on this matter,Bi-weekly,It's usually on/off requests from clients over email. I'd say 1h a week. ,Mostly necessary,An idea: an automated onboarding email sequence (over 7 days) + in-app product onboarding + stressing out the importance of Mews University. ,Few times/quarter,I'm not sure to understand what this is about,Partially avoidable,,Weekly,45min,Fully automatable,"The current process of filling in the weekly updates on confluence is very manual. Tools like 15five integrate with many tools like teams, JIRA/confluence and allow for automated data updates. Compared to our current system, I believe it'd help a lot + provide better data to the LT team. ",Daily,Recontracting! This is the single biggest task (even with the CSM assistant process in place). ,Fully automatable,"Checking that the quote in NUE is correct (i.e. aligned with previous terms), going through all the steps to generate the quote, back and forth with DD, following up with the client : these are important pain points where several errors can occur (especially in NUE)",Several times/week,+2h a week,Fully automatable,"I believe that moving to a more asynced collaboration/reporting would help (for example in JIRA, live docs in CF, notes and comments on gainsight)",Weekly,2h a week - especially for recontracting within GMAs,Fully automatable,the whole process is very cumbersome and prone to error,,
4/23/2026 12:51:27,Aisha Uwase,CSM,BNX,Mid-Market,Few times/quarter,2h-3h ,Partially avoidable,"Generating reports, copying and pasting them, but turning the data into actionable insights and action points for the hotels.",Bi-weekly,2h,Mostly avoidable,"Being the middleman between the customer and FinOps, copying and pasting questions and answers back and forth.",Bi-weekly,45 min,N/A,"Escalations mainly caused by backlog, asking Support to pick up tickets that have already passed the agreed SLA.",Bi-weekly,2h,N/A,,Few times/quarter,45min,N/A,,Few times/quarter,45 min,Partially avoidable,,Weekly,2h +,Fully necessary,,Weekly,1h,Fully necessary,sending example online check in reports ,Weekly,2h +,Fully necessary,,Weekly,2h ,Fully necessary,,Weekly,2h ,Fully necessary,Nue recontracting.,Reducing Q2C requests for invoicing.,
4/23/2026 14:13:23,,CSM,France,Mid-Market,Few times/quarter,3 hours,Mostly avoidable,time to create slide ,Daily,1h30min,Mostly avoidable,No direct contact between finops and customer so CSM is always involved ,Daily,30min,Mostly avoidable,"Chasing for unresponded ticket, non assigned ticket. Managing complain due to article sent to customer as a reply unstead of a personalized response to their problem",Few times/quarter,1h,Fully automatable,,Bi-weekly,30min,Partially avoidable,,Few times/quarter,30min,Mostly avoidable,,N/A,n/a,N/A,,Few times/quarter,2h,Mostly necessary,,Daily,10min,Mostly necessary,,Weekly,1h,Mostly necessary,,Monthly,4h,Fully necessary,,,
4/23/2026 14:46:37,Rosa Allouche,CSM,France,Mid-Market,Few times/quarter,"Il will take me about 30 minutes to gather the data, and then about 30 to 45 minutes to insert the data into slides and prepare the notes that tell the story. In this time, I'll also gather relevant roadmap and MEWS updates I want to share with the client. So, prep, can take max 2 hours, then the detailed follow up email + data entry into gainsight is about 30 minutes. ",Mostly necessary,"My main challenge is not the preparation itself but finding the time to do. Automation could really help here, provided we thoroughly define Objectives and Success Plans in Gainsight. Based on these KPIs, BR could potentially be auto generated.
Sekoda has already been a great tool for quickly pulling data and surfacing key insights that help drive our conversations.
The post Business Review data entry could also be more automated, so that our role is more focused on reviewing and validating the information rather than manually entering it.",Few times/quarter,"They are still instances of reach out to Finops and tickets not resolved. There is a lot of back and forth until resolved. The time spent can depend on the complexity of it, if it then requires more digging, cross fonctional teams involved, if it leads to CN ect... so  the average spent total can go from 20 minutes to 2hours +",Mostly avoidable,"The main pain point is that these tasks take time away from the core of our role as Customer Success. In addition, these FinOps issues create friction with clients, which undermines trust and damages the relationship. In some cases, it even leads clients to challenge or renegotiate the entire contract.",Several times/week,"If I escalate, it will probably take 20 minutes back and forth with support. But at times, I take over the ticket myself to appease the client, depending on the complexity, it can take 90Minutes of my day away ",Mostly avoidable,"Clients' ongoing challenges with support arise in nearly every conversation. The SLA are often not honored for some time, and the quality of responses is not satisfactory. This is another friction that hinders trust and keeps the client reluctant to expand into other products at times, as they are uncertain they will receive proper support when needed.",Few times/quarter,"  These have been exceptions. Average about 30 to 45 minutes, depending which client is impacted. ",Fully automatable,,N/A,not applicable anymore as we have Jessica receiving those requests,Fully automatable,,Few times/quarter,"In the last few quarters, the hypercare type I had to deal with was rather new team members arriving within the chaines I work with and needing a lot of assistance. There is often a lot of pushback on doing MEWS university because it is time-consuming, only subtitled in French, and has very few videos that are not up to date at times. average time would be 2 hours per week to help and appease some of the frustration.   ",Partially avoidable,,Weekly,2 to 3 hours ,Mostly avoidable,"Back and forth between team, lack of alignment",Monthly,2hours ,N/A,This has been easier with Sekoda,Weekly,2h +,Fully automatable,Gainsight /SF / not fully in sync ,Several times/week,Makes most of my daily work ,Mostly avoidable,,Few times/quarter,"The last week and the comming ones are the perfect exemple where my day is mainly made of recontracting, quote creation and back and forths with deal desk ",Fully necessary,"The main points are that 90% of the time, they are error messages, issues when creating a quote, endless back and forths with deal Desk. I believe Patrick Mariet worked on a project of gathering all the recurrences and issues that arise when dealing with contracts in general. ",,
4/23/2026 16:52:09,Heidi,CSM,NEU,Mid-Market,Monthly,n/a (ramping up),Partially avoidable,"Finding the data in Power BI, especially for larger groups it's very time consuming. ",Weekly,45min,Mostly avoidable,"Time consuming and lengthy - log ticket, keep track on it, follow up/remind, liaising with different teams / stakeholders.",Several times/week,1-2hrs,Mostly avoidable,having to keep track on a lot of tickets and issues simultaneously. Knowing which team to involve. Logging it in the right place. ,Weekly,1hr,Mostly necessary,,Few times/quarter,n/a (still ramping),Mostly avoidable,,Few times/quarter,n/a still ramping,N/A,,Weekly,2-3hrs,Mostly necessary,,Bi-weekly,1-2hrs,Fully automatable,"internal reporting should be all automated, even for customers. ",Daily,1-2hrs /day,Mostly avoidable,information spread out between diff systems and tools. Not synched between eachother. ,Several times/week,30-60min,Mostly necessary,,Bi-weekly,2-4hrs,Mostly avoidable,"takes a lot of time to find pricing, discounts, calculate pricing changes, and draft quotes. The most time consuming is ordering of terminals which brings very small monetary value in return.","I would say that the biggest pain point is the difficulty to find the right information quickly. Contracts dont have file names (all ""envelopes""), opportunities dont have names (that contain the product), hard to understand what has been agreed with customers over time and where sales conversations have happened. To find information we need to check subscriptions in Mews, or go through their invoices (which also dont have any file names so we need to click through them one by one), their contract, pervious opportunities in salesforce and gainsight. ",
4/23/2026 17:51:11,Amelie Aguirre,CSM,"France, BNX, UKIE",Mid-Market,N/A,NA,N/A,NA,Several times/week,10 min ,Partially avoidable,"1. ARR requested on form - is there a better way to help the team prioritise the case instead of having to look for the ARR in PowerBI ? Maybe categorising clients on SF directly ? 
2.Back and forth with the team, the billing team should be able to reply to clients directly, this will also help avoid miscommunications
3. It would be easier to just forward the clients email (we can always add some important information) instead of creating a jira the way we do it, this will save a lot of time!",Bi-weekly,5 min,Mostly necessary,,Few times/quarter,30 min ,Partially avoidable,"It might be easier if marketing could send comms on our behalf with our names and from out emails. Right now, we have to maintain an excel document to be able to email each relevant client each time, it would be easier to get marketing to ask if the contacts are correct when incident comms have to be sent you, we would then add all the new ones if need be (so they can also be kept on file for future references / added on SF) and then they would send the comms.",Bi-weekly,1 min,Fully necessary,bank changes - we just have to send a link so it is very quick!,Weekly,1h ,Fully necessary,"it is advisable, even if it is time consuming to attend some intro calls to ensure when we take over the account, the client start in a positive way, this is time well spent for the future.  We however spend too much time after the go live answer support questions",Bi-weekly,several hours most of the time ,Fully necessary,"having to find the relevant information, experience what the issue is and think about how we can fix it. The more time we spend on experiencing the issues, the longer it takes but it will help avoid these issues in the future.",Several times/week,30min,Partially avoidable,"A lot of excel sheets to complete and double check, could the data be kept in a system to ensure it is there for next time and it just has to be amended (the same way the sales account plans are done) ",Several times/week,15 min,Partially avoidable,"are all the tools necessary ? I understand right now, Gainsight is not used the way it should be some once we get in a habit of using it correctly, it will probably feel like it makes more sense to switch from system to system ",Several times/week,up to 1h per meeting ,Mostly necessary,"Internal meetings are great, so we can work as a team but maybe reducing some that are not that essential will help the team focus on clients.
I like the format of the office hours so there is a time we can ask questions on specific cases",Weekly,2h,Mostly avoidable,"it can take up to 2h to renew a contract for a small group of 7 properties
Could the GMA have the name of the properties added and their requirement instead of having 1 GMA + X number of individual property contracts ? 
Could the  main information from the GMA like the pricing be copied across all the properties we are renewing the contract for ? 
Could the excel sheet we complete for the GMA be uploaded into Nue to avoid all the manual work ?
","It would be great to have an up to date confluence page with all the processes as they are changing often so as soon as there is a new process, it should be added so we all have the most updated process each time (and if confluence could notify us by email  each time there has been an update on the confluence page to ensure we see it).
Ideally to also delete or hide the pages regarding processes that are no longer relevant so Glean doesn't provide the wrong information. ",
4/24/2026 13:10:03,,CSM,"Spain, Italy, BNX",Mid-Market,Few times/quarter,1h,Partially avoidable,searching across multiple platforms: Manual data retrieval and manually filled templates,Daily,30m,Fully automatable,,Several times/week,30min,Partially avoidable,,Weekly,15min,Partially avoidable,,Monthly,10min,Fully automatable,,N/A,-,N/A,,Bi-weekly,1h,Mostly avoidable,,Bi-weekly,1h,Mostly avoidable,,Daily,1h 30min,Mostly avoidable,,Bi-weekly,1h,Partially avoidable,,Bi-weekly,2h,Partially avoidable,,,
5/12/2026 9:55:39,Nora,CXM,"Spain, Italy, REU",SMB,Few times/quarter,1h30,Partially avoidable,,Several times/week,20min,Fully automatable,,Several times/week,30min,Mostly avoidable,,Several times/week,30min,Partially avoidable,,N/A,not my responsability,N/A,,Weekly,1h,Mostly necessary,,Bi-weekly,1h,Mostly avoidable,,N/A,not applicable,N/A,,Bi-weekly,20min,Mostly avoidable,,Bi-weekly,30min,Mostly necessary,,Few times/quarter,30min,Mostly avoidable,,,
5/12/2026 10:24:29,,CSM,Spain,Mid-Market,Few times/quarter,2h,Fully necessary,"Gather the information through Looker/Power BI and transfer it into the presentation, especially for chains.
",Several times/week,30min,Fully automatable,having de do manual reminders of open requests,Several times/week,1h,Partially avoidable,"despite support answers are improving response time, there is still a backlog and we need to ask for priority",Few times/quarter,1h,Partially avoidable,,Few times/quarter,1h,N/A,,N/A,1h,N/A,,Few times/quarter,1h,N/A,,Few times/quarter,2h,N/A,,Several times/week,2h,N/A,,Weekly,3h,Fully necessary,,Few times/quarter,2h,N/A,,,
5/12/2026 10:25:22,Pauline Bristeau,CSM,France,Mid-Market,Bi-weekly,2h,Partially avoidable,"Pulling and verifying data, formatting, deck preparation",Several times/week,30mins,Fully automatable,"checking invoices, downloading invoices, invoice discrepancies",Daily,45mins,Fully automatable,"Creating tickets (knowing which team to send the ticket to and the correct form), understanding the format we need to submit the ticket with (Q2C, JIRA etc.) following up to see if the ticket has been assigned, who is taking care of it etc. Most of the team have a huge backlog so the follow up is also required on several days/weeks ",Daily,30,Mostly avoidable,"if there are templates that are sent in advance you still have to create a mail merge or manually input the email in outlook and send to the affected client list. Most of the time, we also have to translate the comms in the language for a specific market",Few times/quarter,30mins ,Fully automatable,"Creating the ticket, linking the documents and proof of request, linking with finops to see if changes were made to confirm back to the client",Weekly,2h,Mostly avoidable,,Daily,1h ,N/A,AI project or ad-hoc event planning ,Several times/week,2h,Partially avoidable,"Pulling data accross several platforms (looker, power BI, SF) + cross checking data (now easier with AI) but still no 1 single source of truth available",Monthly,20mins,Partially avoidable,,Several times/week,3h,Partially avoidable,"Takes a lot of time but important for team building, cross collaboration etc. so no real pain",Bi-weekly,3h,Fully automatable,"Due to the recent contract migration, clients have a lot of questions on their contracts. Recontracting on NUE is a severe burden due to system bugs, platform not being user friendly at all. Right now there are a lot of cases with missing subscription which is a huge blocker for us to recontract, cross sell, negotiate mews payments commission etc. The team also has a huge backlog so responses take a lot of time",Ideally we would need a CSM support that can deal with admin tasks to alleviate CSM from admin burden and focus on conversations of value,
5/12/2026 10:26:40,Andrew nooren,CSM,BNX,Mid-Market,Few times/quarter,N/A due to not having to have done this yet,Fully automatable,N/A due to not having to have done this yet,Monthly,1h,Mostly avoidable,finding the details and waiting on results before sharing findings with customers,Several times/week,1h,Fully automatable,"customers not getting quick responses from support and needing to understand their pain, understand scope, impact, escalate and contacting them again takes much time and effort",Several times/week,2h,Fully automatable,same as previous answer. uncovering and escalating takes much time,N/A,haven't done this yet,N/A,N/A as have not done this yet,N/A,N/A,N/A,have not done this yet. received mature BoB,Monthly,2h,Fully automatable,"uncovering details, understanding financial impact and needing to present to customer and follow-up afterwards. YUST hotels asked this recently, where I needed to present full scope of impact and only afterwards lead discussions on recontracting financial terms",N/A,N/A,N/A,N/A due to not having to have done this yet,Daily,2+ h,Partially avoidable,"its better now with Caulde and Secoda. However, many tools being used and seems there is no clear 'best practices' for tasks. rather, info needed can be found everywhere",Several times/week,2h,Fully necessary,"nothing is painful. rather, good to have clear alignment and guidance when/how to tackle certain tasks",Few times/quarter,2+ hours,Fully automatable,huge admin work that can take hours,,
5/12/2026 10:32:51,Long Voong,CSM,UKIE,Mid-Market,Few times/quarter,45min,Fully automatable,"Once EBR format has been streamlined and decided, we should look into fully automating this process by just entering the customer's name and hitting process within Claude. ",Several times/week,5 - 30min,Mostly avoidable,"Creidt Note calculations must be automated, we need an agent built out that will help us with calculations so we can get this submitted and approved without back and forth, and excessive time spent on trying to get the numbers right. The trade-offs are major, we're removing valuable face-time with our customers to drive real business outcomes.",Several times/week,10min,Mostly avoidable,"Support is no longer adhering to SLA, this means a ticket submitted and not responded to in 3-4weeks time still does not necessarily get prioritized. Unfortunately, it is the CSMs that end up picking this-up and remediating with customer. This is unfortunately removing valuable time spent on driving conversations of value to unlock real business growth",Few times/quarter,Mostly streamlined w/ few exceptions,N/A,,Few times/quarter,2min,Mostly necessary,CS Coordinator doing a great job (shoutout Jess),Few times/quarter,30-60min,Mostly necessary,"Complex group rollout can be vary laboursome, especially if it involves digital onboarding instead of standard onboarding. Whilst cost-effective, group rollouts require far more handholding than what's being offered typically (no calls, only email support) and requires constant support from CSM to coordinate efforts and drive this across the finish line. Shoutout to Elena Martin Bonke, who's been doing an exceptional job with the rollout of beds&bars.",Few times/quarter,15min,Mostly necessary,,N/A,N/A,N/A,,Weekly,30min,Fully automatable,"I feel strongly that data input should be fully automated with the additional AI tools we've been provided, we should aim to spend no time on data input and invest in more OKR related activities",Several times/week,60min,Partially avoidable,We should aim to become even more efficient with team meetings and maximize our time to drive key business outcomes. Worth highlighting this has been improved in the last few months,Weekly,60min,Partially avoidable,"I believe we spend excessive amount on contracting activities due to the complexity of NEU and the many error messages related to the platform that requires input from either CRM, Deal Desk or FinOps to resolve for. Given their lead-time to respond to queries, this is adding additional lead time to get contracts out and delays revenue activation with re-contracting. I would strongly argue for a case of CS coordinator to be made available to CSM team, as we had during the trial phase. Alternatively, do look at automation using AI tools but the permission levels is a blocker.",An aspect that would have a non-linear impact is making re-contracting as easy as ABC - this would be a critical win that allows us to view re-contracting as something very positive (which it should be).,
5/12/2026 10:35:34,,CSM,DACH,Mid-Market,Bi-weekly,1h30min,Fully necessary,"finding correct report, running the data and inserting this into presentation, sometimes the data are not accurate",Daily,1h30min,Fully necessary,"Opening up tickets + following up and escalating anytime there is a request/question from a customer, it is also difficult to keep track of all the tickets. ",Bi-weekly,45min,Mostly necessary,"escalations take time, sometimes you are involved in the ticket and automatically you take ownership of the ticket with all the following answers",Weekly,45min,Mostly necessary,"For example security incident comms, sometimes properties reach out and we have to wait for the official comms which takes time. Another example was migration comms where the prices were sometimes wrong which led to opening additional tickets and going back and forth between us finance and client",Few times/quarter,1h30min,Mostly necessary,"sending out the documents to sign and afterwards creating a task for Risk team, you also need to keep an eye on it to see when the task is completed.",N/A,0,N/A,doesnt apply,Weekly,"people reaching out to me all the time to contact my customer for various reasons, visits, product betas, references",Mostly necessary,"this is not visible work as most of it is done via DM in slack, so it is hard to track",Few times/quarter,2 h,Fully necessary,"territory planning- very manual, usually done via excel sheet",Bi-weekly,1h 30min,Mostly necessary,biggest pain point is re-contracting in SF - very manual and time consuming,Weekly,2h 30 min,Fully necessary,"some meetings could be avoided to save time Dachee all hands, fireboard",Monthly,2h 30min,Fully necessary,"contracting takes time, sometime there are bugs with errors in Nue and you again have to open a ticket which takes time, the whole process should be easier","a large part of this work is highly ad hoc — requests vary significantly in complexity and time required, making it difficult to plan or prioritize. Almost all of them require collaboration with other teams, which adds to the length of the process. Much of it is also very manual, with no consistent or streamlined workflow to fall back on.",
5/12/2026 13:16:06,Han Verberne,CXM,BNX,SMB,Several times/week,45 min,Partially avoidable,Looker data takes time to load - but is still the most valuable source of info,Daily,30min,Fully automatable,"100% of these tasks are fully avoidable, ex. we still have to manually create a Q2C ticket for each and every order activation to be processed for contract amendments. These are extremely slow to be processed, often require follow-up reminders - the total process taking several weeks. A task that seems like it could very easily be automated. ",Weekly,30min,Fully automatable,"Escalating a support ticket is a slow, painful, often dead-end process. Tickets in the #cxd-sup Slack channel need multiple reminders for anyone to even respond, when you do get a response it's ""Sorry we are too busy to take this on right now"". In the 1/5 chance the ticket is actually picked up - the only thing that happens is a generic message to the client (not involving the product expert that was needed).",Weekly,1h30,Fully automatable,"Product and security updates often have to go through CS/CX, not sure why as it's very time consuming. ",Weekly,15min,Fully automatable,We only send the typeform now and refer to the coördinator / KYC support for follow-up. It seems like a very manual process on their end. ,Several times/week,2h30min,Mostly avoidable,"Clients often go live without essential integrations like accounting and OTA's setup - support cannot property assist them A to Z so it turns into a long, time consuming trajectory that our regular support is not equipped to handle and we're unable to properly escalate. ",Several times/week,1h30min,Mostly avoidable,"Product managers reach out almost weekly with requests for us to reach out to clients about a beta or pilot, but usually there is nothing supplied from their end - no templates, no plan for the feature to move into a live/paid version, so we end up spending loads of time coordinating in between - and a frustrated client when they keep waiting for answers. ",Bi-weekly,30min,Mostly avoidable,We are often ask to go through long step by step processes and read through confluences pages for data exports that could be generated in seconds with AI. ,Daily,30min,Fully automatable,Manually updating SF and GS for things already confirmed by email and contract offers. ,Weekly,30min,Mostly necessary,Alignment with sales is time well spent,Daily,45min,Fully automatable,"Getting a signed contract activated is a multi-week process, involving unnecessary steps like Q2C tickets and manual checks to see if the activation has been actioned.","The admin burden is high and keeps increasing in volume, while progress on improving the processes seems slow and little seems to happen to avoid waves of heavy workload (ex. the invoicing catch-up at the start of the year). ",
5/13/2026 9:20:29,,CXM,BNX,SMB,Monthly,45,Mostly necessary,,Daily,10,Fully necessary,,Daily,10,Mostly necessary,,Weekly,45,Mostly necessary,,Weekly,5,Partially avoidable,,Several times/week,20,Mostly necessary,,Daily,45,Partially avoidable,,Several times/week,45,Mostly necessary,,Weekly,30,Partially avoidable,,Daily,60,Partially avoidable,,Daily,60,Fully necessary,,,
5/13/2026 9:42:37,Laure,CXM,BNX,SMB,Daily,35 min,Mostly necessary,"Scattered data so it takes longer to get a full picture and prep correctly. We can definitely think of automated preps and followup to speed it up
In CX we do not do per-se QBR we I have about 2 customer calls per day - I need 30 mins ahead to prep a customer call and then 15 mins for the follow up (I use a glean agent to help)
",Several times/week,20min,Partially avoidable,"discussions int he tickets are sometimes avoidable - We are often unaligned with the FinOps team on outcomes
about 2 q2c tckets per week + time needed for follow ups",Several times/week,25min,Mostly avoidable,"Tickets should be treated in a better time frame, for the past 6 months having to apologize for our bad support is a big part of our job. So we end up trying to answer to questions ourselves rather than asking them to open a ticket as we know they will wait 2 weeks to a month for an answer
About 2 times per week and requires about 20 to 30 mins each time (time to escalate internally + time to manage customer frustrations). This excludes all the support questions I answer every day (about 2h per day answering support questions to clients directly by email)",Weekly,1h,N/A,about 1h per week or every two weeks,Weekly,1h,Mostly avoidable,"about 1h per week on average spend on following up, explaining process, connecting with KYB etc.",Daily,30min,Fully necessary,OB escalations are very common - aout 30mins per day on average - also we get go lives every other day in CX so then it takes a 20min to introduce myself and reach out,Daily,45 min,Mostly necessary,"side projects, team requests, answering on slack etc",Daily,"I do not request data, I find it myself, butt on average 30mins to 1h per day looking through reports for data or building SF reports etc.",Mostly avoidable,,Few times/quarter,about 2h per quarter (SF not working as expected or learining a new tool),Partially avoidable,about 2h per quarter (SF not working as expected or learining a new tool),Daily,"about 2 to 3h per day - too much in my opinio, but at the same time important in a remote settup",Partially avoidable,,Several times/week,3h per week on average on contracting,Mostly necessary,,,
5/13/2026 13:04:44,,CSM,UKIE,Mid-Market,Monthly,2 hrs,Mostly avoidable,,Several times/week,20 mins,Mostly avoidable,orders not activated quick enugh,Bi-weekly,20 min,Mostly avoidable,delays in case pick up and replies,Bi-weekly,1 hr,Mostly avoidable,,Monthly,20 mins,Fully automatable,,Monthly,1 hr,Mostly avoidable,,Monthly,20 mins,Mostly avoidable,,Monthly,1 hr,Partially avoidable,,Bi-weekly,30 min,Mostly avoidable,,Several times/week,1 hr,Partially avoidable,,Weekly,1 hr,Mostly necessary,,,
5/13/2026 15:33:29,Mathieu Hookham,CXM,"DACH, France, BNX, REU, MEA",SMB,Few times/quarter,45 min to 1h,Mostly necessary,For me it's not painful but not that frequent due to the segment. Most clients don't need it and prefer facts and what Mews can do for them rather than stats,Several times/week,depends but easily 30 min to 1h per case,Mostly avoidable,Most of the issues come from contract changes that could have been handled by sales if enabled. Often will the client come to us due to a disagreement with what was signed or sales will ask us to amend the contract because the client wants to change the deal after they signed. There is also the issue of having to get CN done if the lack of change created extra cost for the client.,Weekly,same 30 min to 1h or more,Mostly avoidable,"This comes to either Rory making ticket creation a pain for clients. Either support answers not pleasing the client (just links) and the client will contact us. I have had cases where I solved an issue over the phone in one go when the case was open for a week with support.
Phone for everyone would solve everything, otherwise making the ticket creation a simple push button, rather than going through Rory.
If we push further, there is also the fact clients are sold the digital onboarding when they are clearly not ICP for that package.",Bi-weekly,1 hr,Partially avoidable,"If it's based on Mews issues then it only happens when there is one. But it can take a lot of time for 1 week or 2
hard to say as it only happens when there is an incident",Monthly,30 min,Fully automatable,We could either make it available in the pms where the client can change it themselves. Otherwise having a button in the pms that sends them the link to get the form filled.,Several times/week,1h30-2h,Mostly avoidable,This is mostly about selling the right onboarding package. We get clients coming out of digital onboarding and being lost. We then have to deal with extra questions or having to provide extra onboarding,Weekly,1h,Mostly necessary,This is easy to be done but it's lacking the time to do it with all the admin with have right now,Weekly,45 min,Mostly necessary,"Same as before, we'll get slack messages with requests to handle on deadlines when there is already a lot to do. ",Daily,1h,Mostly avoidable,Nue is the reason why it take times to get things done. We have to handle different systems and it takes time to get contracts amended and find processes in confluence.,Several times/week,30 min to 1h,Partially avoidable,Some meetings could be avoided or made not mandatory right now because 1h is a big time to get things done right now. I have had to skip fireboard calls and gong calls because I can't spare those 1-2h in the week.,Several times/week,30 min to 1h,Partially avoidable,Some steps are mandatory in our processes but some amendments could be done by other teams. Some processes are also missing due to the fact SF and NUE are not communicating which is creating extra work,"Just that we are getting a lot right now, I was away 2 weeks and came back to 300 emails, 250 being legit cases.  I can just spend my days doing admin.",
5/15/2026 17:52:45,,CXM,France,SMB,Few times/quarter,40 minutes (unfortunately),Mostly necessary,,Daily,40 min,Fully necessary,,Daily,20 min,Fully necessary,,Weekly,45 min,Fully necessary,,N/A,0,N/A,,N/A,0,N/A,,Few times/quarter,IDK,Mostly necessary,,Monthly,1 hour,Partially avoidable,,Daily,1 hour,Mostly necessary,,Daily,2 hours,Mostly necessary,,Few times/quarter,1 hour,Partially avoidable,,,
5/19/2026 16:39:35,,CSM,USA,Mid-Market,Several times/week,1:30 min,Mostly necessary,Using the CS Benchmark Dashboard is extremly slow. Manually making presentations. TOmmy created a new dashboard that is really helpful but I have yet to transition that into using it with customers or how I want to use it ,Weekly,20-30,Fully necessary,Finding the correct jira form/ filling out the jira form and the longest thing is waiting for any sort of response,Weekly,20,Mostly necessary,,Several times/week,45,Fully necessary,,Few times/quarter,45,Fully necessary,Just making sure to get the right details from the customer ,Few times/quarter,45-1 hr,Fully necessary,,Monthly,45,Mostly necessary,,Weekly,45-1 hr,Mostly necessary,,Daily,20-30,Mostly necessary,"Gainsight, logging emails, making sure notes are int the right place etc
",Few times/quarter,hour but depends on the case,Partially avoidable,,Bi-weekly,1 hour o rmore depending on DD ,Fully necessary,NUE,,
5/19/2026 19:19:01,Sara,CSM,USA,Mid-Market,Monthly,2h,Mostly necessary,Digging for data that would be valuable for the customer - that's the toughest part. ,Few times/quarter,1-2 hours collectively,Mostly avoidable,The time zone difference and being able to actually converse with someone about the issue outside of a Q2C ticket to better understand things and resolve them quicker. I feel like most times things could be resolved a lot quicker if we're not chatting via JIRA comments with a 12 hour difference. ,Weekly,3-4 hours collectively,Partially avoidable,Support team is overwhelmed and a lot of customers post onboarding still have plenty of questions. Expecting support to reassure customers post go live and spend that kind of time with them is unfair but often the only option for CS to prevent churn. ,Few times/quarter,1- 2 hours,Partially avoidable,"Similar to support, RMS enablement team is limited and there is a huge time difference disadvantage especially for customers in the West Coast. ",N/A,30 min,N/A,Jessica has been a godsend. She handles all of these requests and it's only if she's on leave that I will jump in and handle these requests which isn't often. ,Bi-weekly,6-5 hours,N/A,"I can't comment on how avoidable this is because often, I'm just dealing with the aftermath without much context into how we got here. Once you get a customer post onboarding that's a churn risk you're in reactive mode and pulling all the resources you can to stabilize the situation. Looking at the cause of these ""fires"" would be a good idea. ",Monthly,3-4 hours,Mostly necessary,"Projects like building an agent, setting up Claud and building things. ",Few times/quarter,2-3 hours,Fully necessary,"I would love to have access to data and metrics more easily but since it's difficult, I often avoid trying to find it which is why I don't do it often and when I do, it takes me time and reminds me why I avoid it....",Daily,45 minutes,Mostly necessary,,Monthly,1 hour,Mostly necessary,,Few times/quarter,1 hour,Fully necessary,Time zone and lack of clarity on who to contact make getting things done when it comes to legal quite difficult. ,,
5/21/2026 18:33:47,Evelyne,Senior CSM,Canada,Mid-Market,Few times/quarter,4h,Partially avoidable,"multiple reports  with different data, you have to doble check pretty much every information, QBR confluence page and template not up to date, limited trustworthy ressources
Prep 1 jour, meeting 1 hour, follow-up 1 to 3 hours",Several times/week,15-30 minutes,Partially avoidable,,Daily,15 min to 1 hours per occurence / multiple occurences daily / weekly,Mostly avoidable,"backlog - response time, in some case clients feels the agent just wanted to close tickets or were very basic in their response and didn't really try to help them*. Client comeback to us, we can either escalate and make them wait even more and build that frustration or if we can take care of it we do it, even though we are csm and not support.

*This is not related to individual and performance, it is more of a systemic problem where I believe we don't have enough headcount and/or better processes to truly help our client and make them feel heard and cared for.",Few times/quarter,30 min - 2 hours,Partially avoidable,,N/A,0,N/A,Bank change and ownership change is done by Jessica Abreu,Few times/quarter,15 min to 2 hours,Partially avoidable,"Even though the client is pre or post hyper care, CSM are often looped in to help. Having a clear structure when to loop in the CSM would be beneficial for everyone, making sure every team is efficient and managing/owning the task assign to each department.",Weekly,1-2 hours,Mostly necessary,,Few times/quarter,15 min - 2 hours,Mostly avoidable,Often we cannot rely on data and or difficult to find the right one needed as there is a lot of changes ,Monthly,15 min - 1hour,Mostly avoidable,,Several times/week,1 hour,Mostly necessary,,Daily,30 min - 1h30,Mostly avoidable,"Recontracting is a painfully process, rarely everything goes accordingly. We either faces glitches (75% of the time) or our quote are rejected base on assumption we did a mistake. 

For example, when we do batches of amendment (5+) and they are rejected because DD have a question about it (instead of reaching and ask). It creates a lot of work to redo everything and start the process again. This happened to me multiple times.",I would love if we can give back time to CSM to really focus on client and not admin. It would empower us to make sure our client are happy and have a healthy client retention.,
5/22/2026 8:03:49,John Shortall,CSM,APAC,SMB,Few times/quarter,45,Mostly necessary,"QBR prep can be time consuming due to information being spread across multiple tools, including Salesforce, Gainsight, Gong, Jira, Slack, billing, support history, and product usage. It takes time to turn that into a concise, useful customer story. ",Bi-weekly,45min,Partially avoidable,CSM's don't have access to KYB info,Weekly,??,Fully necessary,,Few times/quarter,45 mins,Partially avoidable,,Monthly,1-2 hours,Partially avoidable,,N/A,NA,N/A,NA,Few times/quarter,2-3 hours,Mostly necessary,,Weekly,2h,Mostly necessary,,Few times/quarter,2h,Partially avoidable,,Several times/week,1h,Mostly necessary,,Monthly,2h,Mostly necessary,,,